<?xml version="1.0" encoding="utf-8"?>
<!DOCTYPE hibernate-mapping PUBLIC "-//Hibernate/Hibernate Mapping DTD 3.0//EN"
"http://www.hibernate.org/dtd/hibernate-mapping-3.0.dtd">
<!-- 
    Mapping file autogenerated by MyEclipse Persistence Tools
-->
<hibernate-mapping>
    <class name="com.his.mnis.entities.VmBqbr" table="VW_BQBR" schema="CZHIS">
        <id name="id" type="java.lang.Double">
            <column name="ID" precision="0" />
            <generator class="native"></generator>
        </id>
        <property name="paixu" type="java.lang.Double">
            <column name="排序" precision="0" />
        </property>
        <property name="paixu2" type="java.lang.Double">
            <column name="排序2" precision="0" />
        </property>
        <property name="leixing" type="java.lang.String">
            <column name="类型" length="10" />
        </property>
        <property name="bingren_id" type="java.lang.Long">
            <column name="病人ID" precision="18" scale="0" not-null="true" />
        </property>
        <property name="zhuye_id" type="java.lang.Integer">
            <column name="主页ID" precision="5" scale="0" not-null="true" />
        </property>
        <property name="mengzheng_hao" type="java.lang.Long">
            <column name="门诊号" precision="18" scale="0" />
        </property>
        <property name="zhuyuan_hao" type="java.lang.Long">
            <column name="住院号" precision="18" scale="0" />
        </property>
        <property name="xingming" type="java.lang.String">
            <column name="姓名" length="64" />
        </property>
        <property name="xingbie" type="java.lang.String">
            <column name="性别" length="4" />
        </property>
        <property name="nianling" type="java.lang.String">
            <column name="年龄" length="10" />
        </property>
        <property name="keshi" type="java.lang.String">
            <column name="科室" length="20" />
        </property>
        <property name="keshi_id" type="java.lang.Long">
            <column name="科室ID" precision="18" scale="0" />
        </property>
        <property name="zhuyuan_yishi" type="java.lang.String">
            <column name="住院医师" length="20" />
        </property>
        <property name="bingan_zhuangtai" type="java.lang.Short">
            <column name="病案状态" precision="3" scale="0" />
        </property>
        <property name="zhuanghao" type="java.lang.String">
            <column name="床号" length="20" />
        </property>
        <property name="huli_dengji" type="java.lang.String">
            <column name="护理等级" length="80" />
        </property>
        <property name="feibie" type="java.lang.String">
            <column name="费别" length="10" />
        </property>
        <property name="ruyuan_riq" type="java.sql.Timestamp">
            <column name="入院日期" length="7" />
        </property>
        <property name="chuyuan_riqi" type="java.sql.Timestamp">
            <column name="出院日期" length="7" />
        </property>
        <property name="bingren_leixing" type="java.lang.String">
            <column name="病人类型" length="50" />
        </property>
        <property name="zhuangtai" type="java.lang.Short">
            <column name="状态" precision="3" scale="0" />
        </property>
        <property name="xianlei" type="java.lang.Short">
            <column name="险类" precision="3" scale="0" />
        </property>
        <property name="jiuzheng_kahao" type="java.lang.String">
            <column name="就诊卡号" length="50" />
        </property>
        <property name="lujing_zhuangtai" type="java.lang.Double">
            <column name="路径状态" precision="0" />
        </property>
        <property name="zhuyuan_tianshu" type="java.lang.Double">
            <column name="住院天数" precision="0" />
        </property>
        <property name="xingshenger_xuhao" type="java.lang.Short">
            <column name="新生儿序号" precision="3" scale="0" />
        </property>
        <property name="danbingzhong" type="java.lang.String">
            <column name="单病种" length="2" />
        </property>
        <property name="yingerkeshi_id" type="java.lang.Long">
            <column name="婴儿科室ID" precision="18" scale="0" />
        </property>
        <property name="yingerbingqu_id" type="java.lang.Long">
            <column name="婴儿病区ID" precision="18" scale="0" />
        </property>
        <property name="bingqu_id" type="java.lang.Long">
            <column name="病区ID" precision="18" scale="0" />
        </property>
    </class>
</hibernate-mapping>
