<?xml version="1.0" encoding="utf-8"?>
<!DOCTYPE hibernate-mapping PUBLIC "-//Hibernate/Hibernate Mapping DTD 3.0//EN"
"http://www.hibernate.org/dtd/hibernate-mapping-3.0.dtd">
<!-- 
    Mapping file autogenerated by MyEclipse Persistence Tools
-->
<hibernate-mapping>
    <class name="com.his.mnis.entities.VmCzry" table="VW_CZRY" schema="CZHIS">
        <id name="id" type="java.lang.Double">
            <column name="ID" precision="0" />
            <generator class="native"></generator>
        </id>
        <property name="czy_id" type="java.lang.Long">
            <column name="操作员ID" precision="18" scale="0" not-null="true" />
        </property>
        <property name="renyuan_bianma" type="java.lang.String">
            <column name="人员编码" length="6" />
        </property>
        <property name="jianma" type="java.lang.String">
            <column name="简码" length="8" />
        </property>
        <property name="xingming" type="java.lang.String">
            <column name="姓名" length="20" />
        </property>
        <property name="yonghuming" type="java.lang.String">
            <column name="用户名" length="20" not-null="true" />
        </property>
    </class>
</hibernate-mapping>
