<?xml version="1.0" encoding="UTF-8"?>
<!DOCTYPE hibernate-reverse-engineering PUBLIC "-//Hibernate/Hibernate Reverse Engineering DTD 3.0//EN" "http://hibernate.sourceforge.net/hibernate-reverse-engineering-3.0.dtd" >

<hibernate-reverse-engineering>
	<table name="VW_BMRY" schema="CZHIS" class="VmBmry">
		<primary-key>
			<generator class="native"></generator>
			<key-column name="ID" property="id" />
		</primary-key>
		<column name="操作员ID" property="czy_id"></column>
		<column name="人员编码" property="renyuan_bianma"></column>
		<column name="简码" property="jianma"></column>
		<column name="姓名" property="xingming"></column>
		<column name="用户名" property="yonghuming"></column>
		<column name="部门ID" property="bumeng_id"></column>
		<column name="部门编码" property="bumeng_bianma"></column>
		<column name="部门名" property="bumeng_name"></column>
		<column name="缺省部门" property="quesheng_bumeng"></column>
	</table>
	<table name="VW_CZRY" schema="CZHIS" class="VmCzry">
		<primary-key>
			<generator class="native"></generator>
			<key-column name="ID" />
		</primary-key>
		<column name="操作员ID" property="czy_id"></column>
		<column name="人员编码" property="renyuan_bianma"></column>
		<column name="简码" property="jianma"></column>
		<column name="姓名" property="xingming"></column>
		<column name="用户名" property="yonghuming"></column>
	</table>
<table name="VW_BQBR" schema="CZHIS" class="VmBqbr">
	<primary-key>
		<generator class="native"></generator>
		<key-column name="ID" property="id"/>
	</primary-key>
	<column name="排序" property="paixu"></column>
	<column name="排序2" property="paixu2"></column>
	<column name="类型" property="leixing"></column>
	<column name="病人ID" property="bingren_id"></column>
	<column name="主页ID" property="zhuye_id"></column>
	<column name="门诊号" property="mengzheng_hao"></column>
	<column name="住院号" property="zhuyuan_hao"></column>
	<column name="姓名" property="xingming"></column>
	<column name="性别" property="xingbie"></column>
	<column name="年龄" property="nianling"></column>
	<column name="科室" property="keshi"></column>
	<column name="科室ID" property="keshi_id"></column>
	<column name="住院医师" property="zhuyuan_yishi"></column>
	<column name="病案状态" property="bingan_zhuangtai"></column>
	<column name="床号" property="zhuanghao"></column>
	<column name="护理等级" property="huli_dengji"></column>
	<column name="费别" property="feibie"></column>
	<column name="入院日期" property="ruyuan_riq"></column>
	<column name="出院日期" property="chuyuan_riqi"></column>
	<column name="病人类型" property="bingren_leixing"></column>
	<column name="状态" property="zhuangtai"></column>
	<column name="险类" property="xianlei"></column>
	<column name="就诊卡号" property="jiuzheng_kahao"></column>
	<column name="路径状态" property="lujing_zhuangtai"></column>
	<column name="住院天数" property="zhuyuan_tianshu"></column>
	<column name="新生儿序号" property="xingshenger_xuhao"></column>
	<column name="单病种" property="danbingzhong"></column>
	<column name="婴儿科室ID" property="yingerkeshi_id"></column>
	<column name="婴儿病区ID" property="yingerbingqu_id"></column>
	<column name="病区ID" property="bingqu_id"></column>
</table>
</hibernate-reverse-engineering>