<?xml version="1.0" encoding="UTF-8"?>
<beans xmlns="http://www.springframework.org/schema/beans"
	xmlns:xsi="http://www.w3.org/2001/XMLSchema-instance"
	xsi:schemaLocation="http://www.springframework.org/schema/beans http://www.springframework.org/schema/beans/spring-beans-3.1.xsd">

	<bean id="vmCzryDao" class="com.his.mnis.dao.VmCzryDao">
		<property name="sessionFactory" ref="sessionFactory"></property>
	</bean>
	<bean id="vmCzryService" class="com.his.mnis.service.VmCzryService">
		<property name="vmCzryDao" ref="vmCzryDao"></property>
	</bean>
	<bean id="vmCzryAction" class="com.his.mnis.actions.VmCzryAction" scope="prototype">
		<property name="vmCzryService" ref="vmCzryService"></property>
		<property name="vmBmryService" ref="vmBmryService"></property>
	</bean>
	<bean id="vmBmryDao" class="com.his.mnis.dao.VmBmryDao">
		<property name="sessionFactory" ref="sessionFactory"></property>
	</bean>
	<bean id="vmBmryService" class="com.his.mnis.service.VmBmryService">
		<property name="vmBmryDao" ref="vmBmryDao"></property>
	</bean>
	<bean id="vmBmryAction" class="com.his.mnis.actions.VmBmryAction"  scope="prototype">
		<property name="vmBmryService" ref="vmBmryService"></property>
	</bean>
	<bean id="vmBqbrDao" class="com.his.mnis.dao.VmBqbrDao">
		<property name="sessionFactory" ref="sessionFactory"></property>
	</bean>
	<bean id="vmBqbrService" class="com.his.mnis.service.VmBqbrService">
		<property name="vmBqbrDao" ref="vmBqbrDao"></property>
	</bean>
	<bean id="vmBqbrAction" class="com.his.mnis.actions.VmBqbrAction"  scope="prototype">
		<property name="vmBqbrService" ref="vmBqbrService"></property>
	</bean>
</beans>