<?xml version="1.0" encoding="UTF-8"?>
<beans xmlns="http://www.springframework.org/schema/beans"
	xmlns:xsi="http://www.w3.org/2001/XMLSchema-instance"
	xmlns:p="http://www.springframework.org/schema/p"
	xmlns:tx="http://www.springframework.org/schema/tx"
	xmlns:context="http://www.springframework.org/schema/context"
	xmlns:aop="http://www.springframework.org/schema/aop"
	xsi:schemaLocation="http://www.springframework.org/schema/aop http://www.springframework.org/schema/aop/spring-aop-4.2.xsd
		http://www.springframework.org/schema/beans http://www.springframework.org/schema/beans/spring-beans-3.1.xsd
		http://www.springframework.org/schema/context http://www.springframework.org/schema/context/spring-context-4.2.xsd
		http://www.springframework.org/schema/tx http://www.springframework.org/schema/tx/spring-tx.xsd">

	<!-- 导入资源文件 -->
	<context:property-placeholder location="classpath:db.properties"/>
	<!-- 配置c3p0数据源 -->
 	<bean id="dataSource" class="com.mchange.v2.c3p0.ComboPooledDataSource" destroy-method="close">
		<property name="user" value="czhis"></property>
		<property name="password" value="HIS"></property>
		<property name="driverClass" value="oracle.jdbc.driver.OracleDriver"></property>
		<property name="jdbcUrl" value="jdbc:oracle:thin:@192.168.1.8:1521:czhis"></property>
		
		<property name="initialPoolSize" value="5"></property>
		<property name="maxPoolSize" value="10"></property>
	</bean> 
 	<!-- <bean id="dataSource" class="com.mchange.v2.c3p0.ComboPooledDataSource" destroy-method="close">
		<property name="user" value="${ojdbc.user}"></property>
		<property name="password" value="${ojdbc.password}"></property>
		<property name="driverClass" value="${ojdbc.driverClass}"></property>
		<property name="jdbcUrl" value="${ojdbc.jdbcUrl}"></property>
		
		<property name="initialPoolSize" value="${ojdbc.initPoolSize}"></property>
		<property name="maxPoolSize" value="${ojdbc.maxPoolSize}"></property>
	</bean>  -->
	
	<!-- 配置SessionFactory -->
	<bean id="sessionFactory"
		class="org.springframework.orm.hibernate5.LocalSessionFactoryBean">
		<property name="dataSource" ref="dataSource"></property>
		<property name="configLocation"
			value="classpath:hibernate.cfg.xml">
		</property>
		<property name="mappingLocations" value="classpath:com/his/mnis/entities/*.hbm.xml"></property>
		<!-- <property name="mappingResources">
			<list>
				<value>
					com/his/mnis/entities/VmBmry.hbm.xml
				</value>
			</list>
		</property> -->
	</bean>
	<!-- 配置Spring的声明式事务 -->
	<!-- 1.配置Hibernate的事务管理器 -->
	<bean id="transactionManager"
		class="org.springframework.orm.hibernate5.HibernateTransactionManager">
		<property name="sessionFactory" ref="sessionFactory" />
	</bean>
	<!-- 2.配置事务属性 -->
	<tx:advice id="txAdvice" transaction-manager="transactionManager">
		<tx:attributes>
			<tx:method name="get*" read-only="true"/>
			<tx:method name="*"/>
		</tx:attributes>
	</tx:advice>
	<!-- 3.配置事务切入点，再把事务属性和事务切入点关联起来 -->
	<aop:config>
		<aop:pointcut expression="execution(* com.his.mnis.service.*.*(..))" id="txPointcut"/>
		<aop:advisor advice-ref="txAdvice" pointcut-ref="txPointcut"/>
	</aop:config>

	</beans>