<?xml version="1.0" encoding="UTF-8" ?>
<!DOCTYPE struts PUBLIC
	"-//Apache Software Foundation//DTD Struts Configuration 2.3//EN"
	"http://struts.apache.org/dtds/struts-2.3.dtd">

<struts>

	<constant name="struts.enable.DynamicMethodInvocation" value="false" />
	<constant name="struts.devMode" value="true" />

	<package name="default" namespace="/" extends="struts-default">

		<action name="mnis-*" class="vmCzryAction" method="{1}">
			<!-- <result name="list">/views/emp-list.jsp</result> -->
			<result type="stream" name="ajax-success">
				<param name="contentType">text/html</param>
				<param name="inputName">inputStream</param>
			</result>
			<result name="input">/views/login.jsp</result>
			<result name="success">/views/test.jsp</result>
		</action>

	</package>

</struts>
