<?xml version='1.0' encoding='UTF-8'?>
<!DOCTYPE hibernate-configuration PUBLIC
          "-//Hibernate/Hibernate Configuration DTD 3.0//EN"
          "http://www.hibernate.org/dtd/hibernate-configuration-3.0.dtd">
<!-- Generated by MyEclipse Hibernate Tools.                   -->
<hibernate-configuration>

    <session-factory>
        <!-- 配置hibernate基本属性 -->
        <!-- 方言 -->
        <!-- <property name="hibernate.dialect">org.hibernate.dialect.MySQL5InnoDBDialect</property> -->
        <property name="hibernate.dialect">org.hibernate.dialect.OracleDialect</property>
        <!-- 是否显示及格式化sql -->
        <property name="hibernate.show_sql">true</property>
        <property name="hibernate.format_sql">true</property>
        <!-- 生成数据表的策略 -->
        <property name="hibernate.hbm2ddl.auto">update</property>
        <!-- 可以避免启动容器时报的一个错误：
Disabling contextual LOB creation as createClob() method threw error : java.lang.reflect.InvocationTargetException -->
        <property name="hibernate.temp.use_jdbc_metadata_defaults">false</property>
        <!-- 二级缓存相关 -->
    
    </session-factory>

</hibernate-configuration>